apartment_id,zip_code,apartment_type,apartment_size,rent,deleted
2e092d5c-1e2d-4b06-adca-2295f2c6d10f,10119,loft,76,988,false
aca17faf-7fdf-4ff0-9cea-8c45f473c091,10318,basement,69,690,false
a25f8d9b-1792-44e7-9eea-38ba14f2233e,10319,penthouse,45,540,false
40f8134e-6bf3-4309-9ab0-feca63cfedd1,10117,studio,131,917,false
ee2ba37d-0b10-4db5-9fa9-53e083aa7067,10365,basement,136,1360,false
ad86ef2f-0a2f-40c6-bb3a-6bc09f6d2ed9,10318,studio,60,840,false
d8b25f68-678d-4864-a737-cbbe7b2e1374,10117,railroad,30,420,false
afb7d8a5-d03c-459d-bea0-3d3619e589eb,10115,garden,48,528,false
597cedbf-42b3-4706-9ffe-c1f1fa898d4b,10365,garden,96,672,false
c72f7536-bbcf-43ef-baee-2ea58111fc26,10365,railroad,147,1470,false
bae7a403-5292-4880-a016-2000d4ed16ee,10119,penthouse,51,510,false
065a4144-cae4-4b45-82ef-e02932382163,10315,garden,82,574,false
3e6ead6b-a1a0-41d8-aad7-1ecd36266e36,10317,loft,141,1692,false
a84b0995-c085-4308-bfd5-c387de9a94db,10179,basement,114,798,false
845b8609-99a7-4866-ac5d-6f5e1712180a,10365,basement,112,1456,false
4bcc8546-dd8a-418e-ace8-116bcbedd271,10367,loft,77,539,false
da32816b-d506-4da2-aa29-9cc95690cc14,10115,garden,149,1192,false
1250703f-4e6c-4109-ae17-a223a2550a6e,10119,garden,36,288,false
f02b107e-c146-44fd-9e10-c064a0db7a6a,10178,railroad,131,655,false
d936ff4b-6730-4088-bd6c-d372362d3dac,10319,garden,88,968,false
9ac83a53-8796-40d6-b91f-9e790839b91c,10319,studio,50,600,false
124fd390-ccf1-4d51-8b10-cf9825f2ac99,10115,railroad,59,649,false
3aa9e8dc-e706-46ea-8c8e-fcfaec5febcc,10179,penthouse,138,1380,false
1d56473b-906b-4b36-aef3-973b624863eb,10179,garden,99,693,false
d8754fa4-57f6-4d1f-ae16-9d3dc862a162,10115,loft,60,420,false
ffb21806-fefe-4b98-bd3e-503ad45fb523,10367,loft,118,590,false
caf943df-1eaf-4dce-9f2d-55705d58bacb,10318,garden,84,588,false
030c6233-9476-43f8-990b-99c5972c298d,10117,railroad,76,380,false
27647f49-587b-44c2-8888-b2ffc1265aba,10318,railroad,117,585,false
5a38530a-ba6a-4c5f-99e8-806d9c62d790,10178,garden,88,528,false
03def22e-63ac-4943-831f-3b71e25d8c36,10117,basement,101,707,false
b2f86776-e53c-4914-a812-f1ed7239c2e5,10317,studio,79,395,false
222a2068-2b81-4c8a-9662-87730c325420,10318,railroad,116,1392,false
8ebb2e4a-2da2-470a-9c49-17dbad9c650b,10179,basement,111,999,false
ed9a21c6-1fd7-45af-853a-baf812c59454,10115,garden,59,708,false
fcee588d-4512-4f8c-949c-bdaba2ab7b71,10319,garden,115,1610,false
8702e833-8bbd-4f6f-8841-6fb545ca97f8,10119,railroad,75,1050,false
7ee8e00e-8cf2-4bc1-8cfc-8d45ed971557,10179,garden,71,568,false
f481a736-08e0-42de-aa15-87a451a36fa5,10119,studio,119,595,false
0b822c0c-a706-4736-9133-209c61f509ef,10317,basement,130,780,false
659c7491-8f65-4951-8ed4-06757fbd9b12,10315,loft,88,1056,false
ce9d1692-3c91-4779-9518-25d7c1b65b55,10319,penthouse,107,963,false
bfdff1ed-51aa-4eee-93ae-dc5e653d25f2,10317,studio,55,495,false
c98675c7-c8b7-4572-8602-7d27c057e993,10119,studio,79,1106,false
b6dfcc9e-417f-4fd0-905a-ed6a1a71cac2,10317,penthouse,52,312,false
ae347530-0e69-468c-b233-26aa25cfd0db,10115,railroad,67,871,false
8a7237f6-c031-4dbf-b1c8-2801b3080799,10315,garden,42,252,false
bde884a6-4044-4bdc-b70c-f3da94f37ffc,10319,railroad,119,1547,false
045e27c3-959e-4369-b1cc-a60bd0c7b253,10317,basement,37,333,false
b3fdf4d0-6839-4880-b8f7-566e1bdbdce2,10365,loft,115,1610,false
eeeea161-5f38-40d5-adce-1fbdec743f59,10315,railroad,85,1105,false
1a30e121-6698-4669-836a-7708052bad6d,10315,studio,46,322,false
e0f0a41d-f30b-4348-9701-06da3a90bde6,10179,basement,42,546,false
d014d7f3-8ffb-4c7a-a289-b170e58d8e91,10318,penthouse,60,840,false
e5c4bf72-22ab-4388-a16b-3e594377add1,10178,loft,75,375,false
4af90ad7-8177-4d70-85a6-600828a57a89,10319,loft,32,384,false
4aaa4555-5114-4016-b4d3-da4e0e481ce0,10315,garden,146,1460,false
cbafa42e-4d4d-49ac-a961-6273c2a20d4f,10319,loft,96,960,false
e28aa7a2-79ef-4ab6-8923-1bd2d7cdba2e,10178,penthouse,90,450,false
bcc73ed5-030c-4656-86c3-e06710f4e059,10178,garden,96,1056,false
bf56097b-9682-47a4-9e10-01ea46193294,10367,penthouse,131,655,false
f7037499-5d4b-4765-86de-9420ba572130,10319,studio,71,497,false
a65f0df5-bee5-4f94-b210-b63cd18276f1,10119,garden,117,936,false
fcdc5dd0-01cd-4b8d-b31f-fadd9334dbb3,10178,garden,32,448,false
3dbbb606-9403-499c-a9a3-ed743a7bb6f2,10365,basement,34,306,false
1d84fcc8-97f6-4748-aabd-1dcc372ab586,10119,loft,36,180,false
d67af653-e2a2-4289-a179-b111180afda0,10115,basement,44,484,false
570ee459-d87c-4f26-b238-5b86fa3b2cda,10367,studio,35,490,false
2b2dcdae-75c9-477f-998c-71b5a026349c,10179,basement,38,342,false
0c9d3f4d-e4ad-4532-a481-47c84e2d753a,10319,basement,110,770,false
cce67d96-5de7-4e56-be48-d35905d48d26,10365,studio,98,1176,false
b7b3b514-8a9d-45f6-ab0d-364ff236d65b,10179,railroad,96,864,false
6dd33d29-d652-42cc-b745-c132e515ce48,10319,loft,49,294,false
805b8a12-ef35-4882-bc8d-363620d95d62,10319,loft,104,1040,false
6f95ea17-aae0-4d4b-8362-3b8d4e4090d9,10119,studio,142,1278,false
7fc7acb3-e29a-4a10-bf78-f68ab761e900,10315,garden,119,714,false
8b336b4f-0fe7-4328-ac20-6ae7137c702f,10318,penthouse,110,1540,false
5ee1db47-2fd0-471e-8268-524817c868eb,10365,basement,92,1288,false
a56aa5bc-10e3-4fd1-9e4f-407b2105e459,10119,studio,119,595,false
1aaf99ed-a51d-4c78-89b1-9f50a69d1d1c,10319,basement,133,1197,false
c21035d3-0838-41ce-a3a7-b6f947c24159,10119,loft,144,864,false
b26309fa-a8c1-4272-8889-c3f1e2598c7c,10178,railroad,103,1442,false
028979ef-f202-49d9-9ef5-e994257130dd,10179,studio,64,448,false
a4b314e9-eefc-4e62-878f-d401b4980fc1,10178,loft,106,954,false
37eb494b-72cc-4ffa-a014-f6dacf3bc868,10365,loft,40,440,false
5acca487-b798-49eb-8e7b-663836ff5f2f,10367,railroad,59,590,false
a24cf1df-39e1-4f79-890a-8bfdd2d228b7,10317,penthouse,148,1776,false
17d66cd9-1a68-413a-8258-8e0a5aeab48d,10365,garden,129,1290,false
8964a7e9-09c1-4776-9a08-fe76f9b42cc5,10318,loft,34,306,false
de66d603-05f9-4ea3-b8da-426ab07d387c,10115,loft,127,1143,false
6e7073bc-6026-411a-b096-b64410e90127,10318,studio,65,390,false
2c2f407e-39a4-4c13-936c-ed28b43c13c1,10179,penthouse,73,511,false
b37bcfee-cc8d-4d32-a957-30d844520f95,10178,loft,53,689,false
61681545-6814-4d39-8f45-078cfa9ab9f5,10317,studio,64,576,false
b5b0e2fb-e220-43f9-8bb1-9adbd0b8c753,10365,basement,138,1242,false
0d3ab324-2c64-4288-8c56-6ee0585e9d1c,10178,garden,125,1000,false
14d08696-b37d-4c13-bb99-cfa61f2170e1,10365,loft,127,1016,false
0581001e-2af4-4492-a81b-e286c717e66c,10119,penthouse,34,374,false
91b07fa0-7265-4317-813e-2020c6a99e54,10317,garden,39,195,false
1a46a5b3-b2ad-4d20-b078-2f071dc2f72d,10117,railroad,66,594,false
03c8d17d-da3e-4fd3-940a-c6c422712122,10367,basement,119,1309,false
02a81efb-f34e-496f-bb1b-46a47b44d035,10317,loft,58,754,false
31841af2-4383-4509-96dc-cc081ae8ece8,10315,studio,135,945,false
59bd9711-bd0b-4ded-a9eb-114ea8be11ac,10315,loft,129,1419,false
474abc10-5c25-49db-8bec-b8309342f191,10315,loft,146,1752,false
a6718dd7-7910-48d4-a193-3a06d1b1c2f0,10178,railroad,129,1161,false
3f0163db-e4ed-4f64-a25d-e37dda5db73f,10115,penthouse,140,1820,false
7d5363b5-a692-4513-bde3-8fee3ff64c7b,10119,studio,76,532,false
e6225295-b616-4cdf-892e-0ea58c70d636,10315,garden,36,180,false
2be5e904-fa32-42e2-8b1a-3a4103f6db62,10319,basement,114,798,false
f55a1c30-5f6c-4a7c-91bb-db033bba14b0,10367,studio,129,1677,false
70bec352-256b-4bc4-9f1f-8512bfd0ea4e,10317,penthouse,133,1330,false
559dd62d-deb2-4866-93c4-dac30157bea4,10117,penthouse,122,1098,false
dfb6cf17-5f25-4e52-83ab-6ec3fa986072,10178,basement,101,505,false
0145c1c5-1a38-426b-814e-c2a16c9a93bb,10179,garden,119,714,false
4a4ba7c9-f706-4906-985c-97f931e814ba,10367,garden,73,730,false
83f0b913-86ea-4dba-a0e7-544d11c54996,10365,loft,46,276,false
c519751d-faaf-49c6-8c52-7ac68cc3bf22,10317,loft,45,315,false
f60143c0-e816-4504-96ad-4006fc9117c3,10115,penthouse,76,912,false
21501106-aa39-443d-8947-8d7d8bd7950b,10365,loft,123,1230,false
ac0476b4-b5a1-4523-8932-341ec5d3a249,10115,penthouse,110,1540,false
43fc28df-1f1e-4053-88df-b00de76a99a4,10365,garden,128,1536,false
21cceb78-00a4-4239-8472-c1e4f5b724de,10117,penthouse,91,819,false
2f4aa14e-ef0a-40a7-b1c0-be1c355e5457,10179,railroad,56,672,false
c16462ec-22c7-4342-bddf-9961fe9fd266,10318,studio,116,1160,false
6bf8c2e6-9328-4883-8053-45ef79339fb0,10317,penthouse,82,902,false
1d2c88a5-8b79-4d17-a6d3-208532f81559,10178,railroad,65,910,false
59275dc4-8c25-461f-90d0-2f09c769063d,10117,studio,139,834,false
7c00bf74-885c-4c70-9468-221b71224046,10367,loft,79,869,false
090570e8-539c-498a-b11d-336c02552833,10117,studio,124,620,false
7369c6d9-1c48-40b3-bcd4-16d2cb374dfd,10115,loft,145,2030,false
c5e8a59e-801d-4bd0-8613-c5791ecd3f7a,10319,studio,64,704,false
00498c53-5a97-405f-b3f9-90607b009951,10119,garden,45,540,false
fffe820e-8f95-4fd2-86cf-2ca82a16802a,10117,penthouse,56,448,false
12f0f39a-6027-4966-b3db-993f5b583963,10315,loft,134,1474,false
fac8c91e-810e-4893-ab04-34dbe4f8b03e,10318,garden,71,710,false
af2699e1-f446-45bc-9019-afd0b8346afa,10178,studio,145,1450,false
59162d7d-cdeb-4f07-812f-999691c31d1e,10367,studio,101,1212,false
f6055432-3b03-48b2-ae5f-663cd8b38b5d,10179,garden,90,630,false
e98c8df7-830d-4088-93ca-dcaab479aa30,10318,penthouse,123,861,false
73775f7b-6696-482b-968d-e811009648be,10179,loft,106,530,false
68f0d684-a980-4fc9-91ea-4b5aa5e246b8,10317,railroad,70,910,false
8d22241e-2040-4b8e-a836-a55f6b845be0,10319,basement,81,972,false
53f0f870-62c9-418c-90f4-e02dc0854640,10318,basement,88,440,false
b82d32d9-bfad-402b-b292-42d1e4d92900,10117,basement,40,440,false
4f71d6b9-637b-4b13-9973-6617e13ad29c,10318,garden,31,155,false
5cd8cff1-6133-40f7-a7a4-8df3989fd38c,10115,penthouse,87,957,false
89738650-0eee-4292-85f3-02dfa0491ebe,10115,loft,45,270,false
9a7ce9fc-0864-4d7c-8b87-82470acb3332,10319,loft,142,1278,false
b6798b99-911d-44ae-a98b-560fd91b9172,10115,railroad,115,920,false
dcf81464-4cb5-4ee2-aa90-b163c415efb2,10115,studio,143,1144,false
9e699d36-f54f-4d1d-a16b-76af3463e5de,10315,garden,118,708,false
b905c9bc-652c-4ff4-981b-43280c52b7f4,10119,railroad,59,531,false
5a4b574e-3937-46f5-844b-d45efe6b41b8,10115,basement,93,744,false
1cdaa05a-9b44-4f7c-be1f-4cf12a721951,10367,basement,96,480,false
e25b0f89-7fb5-4bb9-a450-c092b1d34cf3,10319,loft,131,1441,false
82678f1a-7ab7-4753-af31-87dbed8e8ed9,10365,penthouse,36,288,false
b53026dc-daae-428c-bacb-dae18b2c5a04,10367,penthouse,85,1190,false
796835ae-f376-4aa3-bb81-0cff391c6b0f,10318,studio,65,845,false
f775bf17-e022-4b08-b69f-12be2f6c5f67,10117,loft,62,496,false
77996a11-0ecb-4a20-80a7-d7e18a9633db,10315,studio,130,1820,false
dd28deb5-52c3-49eb-b356-6305d5d88e59,10117,basement,90,1170,false
72947f3e-270a-4dec-ab3b-83c8d6f90cf9,10115,railroad,30,300,false
eea2f0dd-acca-4906-b47f-a366ca58e9ef,10115,loft,143,1001,false
4cbf005b-7176-4a6d-a4a6-98800ff94f37,10115,railroad,115,1610,false
a6d93130-a73a-483c-b07e-6177f3f0ec5f,10178,penthouse,78,624,false
0cfe4686-6d31-48e0-96ad-b12ee2d12591,10367,railroad,145,1305,false
a7b0c8db-7061-466b-84fa-44def0f44864,10119,loft,105,1155,false
99948cf0-1be0-42cb-8688-858058d89d99,10318,garden,97,582,false
151bdd04-4cbd-4d27-a277-45118289355c,10317,loft,64,384,false
85a01e34-5068-49dc-867f-bc1640e0cb6e,10365,railroad,135,675,false
bfc8a912-0d9c-4665-b4cb-539aba8a637a,10178,studio,70,980,false
2a99f768-7bc5-4d26-9c34-d32eedd99fbf,10119,penthouse,146,1752,false
1c205887-e63a-4250-95ba-5b35d37f6212,10317,railroad,61,854,false
fa4ed969-f6dc-42f3-a3f5-0fe7ff72b31b,10119,loft,104,1040,false
1ea17ec7-6b75-4c94-b266-1f97338ba079,10179,loft,88,440,false
ec594b19-ac00-42c6-9bf7-e3410270901c,10318,railroad,128,1536,false
1fe4bafb-2aaa-441b-a6bb-f30232ec4a6f,10115,basement,143,1287,false
41051478-d8bf-468f-99d7-c99b2b2f80a9,10318,garden,49,245,false
d8a6dbf5-2a25-43ac-82b7-797f0f392d1d,10179,studio,143,1859,false
3ee76d3e-658a-4945-9bbe-b272ef7979e4,10317,loft,83,664,false
9a97a6a7-6200-4691-84ea-a55659695dd1,10365,loft,137,1233,false
5ed8d5ce-948a-475b-829f-7423a83df7b6,10319,loft,69,345,false
4bd78f65-162a-4665-baef-381013156040,10115,loft,73,1022,false
2d83d36a-b801-4367-925b-5b899ab9069f,10115,studio,81,810,false
2afe1044-cbed-4ee1-8e3a-c3369babc49f,10179,studio,35,385,false
95ead137-3b31-4b13-8142-98e023c72046,10367,studio,101,1212,false
1f7f41ed-2dcf-4f76-9860-b2bc119aedee,10117,basement,39,468,false
c454ecb0-b9ca-4440-a4dd-5961c494a159,10115,studio,49,343,false
16194b9b-8922-45c5-af6b-d70960ea3b35,10179,basement,120,960,false
4e5aa323-ba87-44c4-91f3-96d6314fe168,10179,railroad,78,858,false
35b52b81-2de3-49e0-8144-80623978427c,10119,basement,102,1122,false
3de7d9e3-ac76-44ed-a9f7-d4fa1ef1afb8,10317,railroad,119,1190,false
b49f4492-759b-42a7-8e4d-1301e3af341b,10318,basement,108,756,false
3e172ce1-8ea8-4215-8c80-0b47177459cf,10365,penthouse,134,804,false
04aba00c-1a2b-4bed-ae61-250893e79d61,10119,basement,46,414,false
bc0f9fca-a7d6-4bc4-a933-a6d299983cc8,10178,basement,57,627,false
a69a0d96-6466-457c-b6fb-dc9b2f428361,10317,penthouse,142,1988,false
d2c2452b-7f2e-4c32-b7ce-e4146f36acb0,10119,basement,48,336,false
ffa3e3ba-e2c8-4885-aa4a-fd8320a58b03,10315,penthouse,53,636,false
f91078fa-c47d-4d78-a44f-5e76585e312b,10119,garden,122,1342,false
7e9136d7-fbc2-4ece-9f95-eaa90b8848a4,10317,loft,142,1420,false
db9d0c71-939f-43ce-b941-c032fab7a35d,10179,penthouse,107,1177,false
e827238b-c218-4a97-9bed-53270a99c7c2,10318,railroad,125,625,false
19e5592e-3a65-4afd-98ff-22ad709da2ea,10179,penthouse,60,540,false
f01761dc-69c4-4596-aa9c-0ac8c3987379,10179,loft,114,1368,false
7f4b5d38-86a2-4e1f-aab1-957e4e5f7e97,10178,garden,84,1008,false
7b81fb37-6548-432a-97bb-1371cd4e084b,10178,garden,132,1716,false
2c264489-3c1d-4b0e-b525-e4489e6d90fb,10315,penthouse,104,1040,false
e2e1bec5-b1ea-4b7d-9e06-011b0cd5eca6,10315,garden,53,689,false
46cc6963-77f8-41dd-bc6e-326566ab91fd,10117,basement,45,450,false
314c80bd-f226-4904-9f12-167e0b9840cc,10179,penthouse,143,1144,false
789b1a88-33f3-4588-bd7b-aa480adb2cc3,10318,garden,40,320,false
c7904cb1-09c0-4247-a98a-4c9917715eea,10318,garden,125,1250,false
f0dd4a09-5565-4a17-be9a-f2c9e12b2712,10319,penthouse,43,258,false
b9a16c36-86ed-4ccf-9ffa-e0f67de08c08,10315,basement,80,800,false
4fbcde49-9f90-4912-b480-ad6f14cbc358,10319,loft,80,720,false
7c029f20-4bd8-48b2-af5f-047275638b10,10318,garden,99,891,false
a19ce57f-b3bc-4dc3-b728-b94e0ba8d0fa,10178,penthouse,117,1287,false
ee06934d-5f16-4583-bd9a-3e7660e5c15d,10115,garden,101,1414,false
ffb55df5-20c3-4f87-8261-a9d9c6072825,10319,penthouse,110,880,false
7a0a2738-3324-4fc0-8fd9-ec640e92966e,10318,loft,139,1807,false
83981cd4-9f99-46a5-98ce-22b58c57769d,10315,loft,136,816,false
665b8bc2-af93-43fd-ac51-8350842f55f5,10115,garden,75,900,false
71b4539a-4626-468a-ab56-118a951647cb,10179,garden,58,348,false
d66edd96-38f8-4ac9-a775-4a0d62d25b49,10115,penthouse,61,366,false
6562ce7f-106b-497b-9ea7-0e210a43fcc1,10365,basement,48,288,false
dc90dedb-5c25-4f57-a229-a9fa967d0801,10318,basement,90,810,false
d8a5ec68-e5b0-45a5-92b0-56cb20a055f9,10178,garden,147,1176,false
2be2810e-d137-4e1a-8e87-85b10158e6cc,10178,garden,101,1313,false
379dbd19-fede-4e66-ae21-696463c69864,10178,studio,121,1089,false
cfc1b9ce-2e0e-492e-b959-4baf3cf67651,10365,garden,111,1221,false
89bf7703-4b70-448a-8adc-86493f6c0652,10367,railroad,104,1456,false
35e8361e-42c9-4869-bfe7-5d038da00009,10119,loft,40,240,false
eb2f5857-31db-4d14-91e3-5b02ac9b3eb2,10315,penthouse,69,345,false
9c80da6b-849d-437b-8b9d-720daf423710,10115,loft,78,1014,false
0d5133b4-469e-458f-873f-06de96d72a1e,10315,garden,141,1410,false
fc2bae9b-d3ea-482d-b3b5-1e3e6a71317a,10178,loft,73,1022,false
b634c85f-1873-4e72-a017-9f5e39e75262,10117,penthouse,48,384,false
5ddd0b10-d33e-4749-84de-ba87d499b3c2,10115,railroad,50,300,false
37d71da9-ec36-4ae7-a523-98d12ea0cc81,10178,garden,110,1430,false
6657426e-defe-47e1-9566-8dd55f067efd,10178,loft,33,264,false
896f1e8b-ec96-4660-8a1d-b0cca58a2d95,10117,basement,146,1898,false
e2162a73-a42b-4e7e-80d9-85720408f039,10315,railroad,54,324,false
a6623c56-9d5a-466b-a2f4-fecd49590ff2,10178,studio,81,405,false
ca426ccc-9370-4f33-8a6d-43da3d3cea97,10319,railroad,106,530,false
c93cc4a6-b394-4f6e-aa98-dd3a62d003c2,10318,railroad,147,2058,false
f1bb7c9e-c46a-471a-b49c-ea48a7662c92,10115,loft,62,868,false
62efc5ec-4434-49cc-90ce-9521b3ee0ed6,10179,garden,114,1140,false
9c8c98c3-c1c8-4eeb-bc94-ebbe42b13f9c,10319,penthouse,100,1300,false
2163c5fd-d47d-477f-a1c0-f9c9712210b6,10315,railroad,125,1125,false
58a23caf-e857-4723-a8a7-d856abf75fc8,10315,studio,63,756,false
794ac3b5-91dc-4ad6-b9b7-50e13359acab,10318,loft,112,1008,false
1a26710b-0bcb-46f2-a71d-540aec26f91a,10319,basement,127,1016,false
25e89332-954e-4eeb-ac60-f6744cb6ac38,10318,garden,31,403,false
c4ad3473-faa9-44b0-a8ba-9ca049442005,10315,garden,90,630,false
8b944e65-d12c-4eeb-a934-c20ad3b0c723,10319,basement,33,429,false
4a17a599-3087-42bc-adfa-a13f78b2d5e9,10117,studio,64,832,false
8fb07f8b-03e5-46ba-bd2a-a011753896f5,10367,loft,50,600,false
67b0a5aa-e8c2-4ea7-91a0-5627553aa8d3,10319,penthouse,76,380,false
66f99002-1e6e-4842-892a-8b2c2705ea33,10117,railroad,55,275,false
308b2683-a1c9-40a6-b12e-1778677e42ff,10115,penthouse,50,350,false
f5cc71cd-3f6a-4e8c-9a4e-6bcb719245ef,10178,garden,149,1490,false
1495631e-ca4a-4c88-8040-f259395a8618,10318,basement,59,767,false
503839b7-cd8d-426a-970c-1d41e5faf661,10317,loft,120,1200,false
4eadcdfe-cdf5-424e-bf5f-028c2366360c,10367,studio,136,1360,false
82e5b9bf-471a-4943-9bff-cf607267e6d6,10317,penthouse,143,858,false
2a10b9f0-2a6d-42c2-a499-e91ab1c87bee,10367,garden,134,1206,false
a8603581-1d26-48c4-9f17-ddbd7871aeb5,10318,railroad,49,637,false
78ec22fd-7c7f-41e0-879d-b1012e59b73c,10365,penthouse,121,1452,false
fd536759-3552-4c5b-8cee-49aa27f19fa3,10178,loft,123,1599,false
0c6d1dc5-760c-490c-8ff6-61fc40de14ff,10178,garden,72,432,false
32a01022-ad5b-4a64-be8f-585ea5882e7e,10318,garden,83,415,false
f92873f2-bcf6-4418-ba42-0750a0596fc3,10117,railroad,110,1430,false
0ed2eb2a-0886-43b4-a2ef-52de33341a98,10179,studio,44,440,false
87dad398-c9a6-4490-b0fd-766ae64dbc29,10115,penthouse,84,756,false
778717b4-e216-42bd-aea2-59dfaed3db0f,10365,basement,130,780,false
6ff1ec4f-9d32-4ca0-b307-ddccab3900d7,10115,railroad,111,1110,false
1765fc7d-83ac-43b5-90ff-67809061ba5a,10317,basement,51,306,false
90e36599-010c-4120-9a0c-88ae2b3edf9d,10315,railroad,111,666,false
0eb7353e-f929-49bf-aa2f-6baba38d0796,10365,loft,37,259,false
2c8002bb-7e3f-4cef-947a-96ac4961f2f6,10178,studio,40,520,false
754c49e0-cce7-4ae3-bc64-b02a64125a87,10315,studio,149,2086,false
740eda6c-3bb9-460c-b2af-9218481867cf,10319,railroad,106,1378,false
6e7f06da-a996-4a26-8af5-50d798564fda,10178,studio,64,704,false
fe9fc6ad-b8dc-4795-8c92-bfc5006b0be4,10119,loft,121,726,false
e6ab08b0-0574-4d26-882c-fc0698a58d98,10365,garden,70,630,false
2c68ed26-724b-437a-8836-dd2e0fbc48fe,10319,garden,117,936,false
81e27f3e-dcc6-4123-aab8-a0807db41716,10317,loft,107,1070,false
8d3142d8-4290-49aa-8029-695658fdc1e6,10179,railroad,45,450,false
41902a38-1396-4010-b613-8809787c1dcf,10319,studio,69,345,false
2d5332df-8314-4fbc-8aeb-26f9da12e552,10318,loft,115,1150,false
2493b290-f3c5-4786-8b28-aa4031a79452,10367,penthouse,51,510,false
e55ac88b-487b-4572-a1cd-23b573e7ec70,10179,loft,129,1548,false
8d166114-d158-439c-bd9e-0852e2ee5a78,10367,penthouse,68,884,false
e0bf8a9c-1884-4556-bddc-a60493516bb8,10367,railroad,96,480,false
799fb514-b58e-4507-af70-7902825461a6,10365,loft,50,650,false
af1e7cd7-7304-437f-b61f-2f8d3fa0cd71,10117,railroad,82,984,false
57f9677b-92f3-4a55-96f1-754bb40d3e44,10367,loft,95,665,false
2352aab2-6e44-490b-b3ca-3cac79cac050,10319,garden,121,1331,false
e67c8be5-31f1-4f6c-9567-ea49a95eded2,10115,studio,36,432,false
de193cc4-9000-4bc8-9716-cd530020aeaf,10119,basement,34,442,false
059e0093-ab82-4fb3-9d9d-ba9b6fb925d5,10317,loft,39,234,false
567039ab-0680-43f8-8acc-d3283e261016,10115,garden,145,1015,false
27dca817-61ac-4613-8d67-03862bb240a5,10365,studio,121,1452,false
231dbdac-02a0-4775-91ab-681f3b059636,10179,railroad,98,686,false
329911f4-d0d8-4924-b5cf-07415bff5b85,10179,basement,85,510,false
2075f2b8-7808-4f98-a00d-7bf218ca1f41,10367,garden,79,474,false
990d07cf-fc27-4fc7-9969-e9a140d52b1b,10367,railroad,51,663,false
50da06a7-b0e8-42be-81dc-2d673c68b6e1,10365,garden,143,1430,false
3ece2db1-f389-445d-8268-f3723c080da4,10115,railroad,80,880,false
bd30c546-bbfb-48fa-b4ca-a26e44e987e9,10115,basement,86,774,false
f1e1f6df-05aa-4845-aeeb-c1a757ad7df6,10318,basement,32,224,false
c5b158d1-00b4-4066-b09e-6d72fac37c12,10319,garden,137,685,false
464718c8-b32f-4ab7-a937-85763557a411,10319,studio,118,1062,false
745a07a9-db80-47e2-a37d-940a9a2afbc9,10119,railroad,30,150,false
98302663-4433-44d8-9549-67cbdb729a68,10319,garden,42,546,false
b7d745cd-23a9-41ea-848b-328be73009a5,10119,penthouse,94,1034,false
8972fea8-6936-480e-b94a-92754feb92b5,10117,railroad,80,480,false
d3f65798-e27a-4f41-87fd-e2117050a828,10367,loft,84,840,false
2410b403-5b69-4a85-8039-f9e870b5fd27,10178,basement,75,600,false
ef7a65a0-7117-4f78-acf5-9884e5aad962,10365,basement,47,282,false
b8dba089-1573-4191-9f57-12ba17574c50,10365,studio,61,305,false
7fc958e4-63fd-4573-b774-b4b64e15af59,10317,railroad,56,616,false
a0d034f1-b2cf-4208-9adb-fc842995dcc1,10115,loft,46,368,false
d5b6dc6f-00b7-485e-8a49-cb2a19b94b68,10318,garden,108,1080,false
19873582-a04a-4e0c-9fda-8e4f4e180231,10117,studio,119,833,false
a7a548c2-fa2c-4d2c-8999-6d7a49ec1bbd,10115,loft,133,665,false
20b82678-d5ee-4e6f-8be6-33fbc2a1dd99,10365,penthouse,145,1740,false
7afaa485-2224-43ae-a615-270ce06d7129,10179,penthouse,62,496,false
0d31c59b-bce2-4e1a-8c3b-74195de69cd0,10317,penthouse,117,1287,false
9cd7e790-ffc5-4fa3-ab91-5034dcc01ee0,10119,studio,149,1937,false
faa15c2d-6d61-4181-a6f5-95040d139104,10317,basement,109,1199,false
6ac2fb32-ccd1-4720-8de3-83e288341880,10318,garden,119,1190,false
a4614403-c0c1-4d63-a01e-c8d0ca4b0124,10117,penthouse,123,861,false
cf57c2b3-4853-47b7-a87b-a59bcaf12290,10117,penthouse,128,1664,false
aa4e0b58-67a5-434c-b8da-f94b8db7b291,10319,loft,59,649,false
792bfc34-bc2f-44aa-acc7-8877fe4a886e,10317,studio,143,1859,false
934c8b88-c502-482b-b327-a63e9a9c91e5,10318,railroad,113,904,false
f70259a0-d1d5-4dcf-b0f3-82c80ddd0645,10319,garden,130,650,false
e297fea1-369f-45db-8fce-76e462d2cdcb,10315,railroad,91,1092,false
150b6fc1-6b69-4824-b65d-a929b01cc2a9,10317,basement,39,351,false
a8aa5276-77de-4dcc-8a02-a6f67df11add,10367,studio,134,1876,false
80bcb6ad-5b89-4e83-8020-a9d48e0248f0,10119,railroad,82,1066,false
e040c2a2-106a-42bb-bb2b-0b062a98a864,10179,loft,115,1380,false
a6de2859-481f-45ac-afa9-05c5d646b981,10367,studio,102,1326,false
85c15929-92c5-4bf1-9380-9e93d98a3061,10317,railroad,77,1001,false
2fea1db6-e58e-44c7-a676-d8819c7518fd,10115,studio,134,1608,false
48732c59-fe5d-41de-a139-4da7effd3da4,10365,railroad,51,408,false
ad7b16f0-d61b-425b-b1c6-1c72006f646e,10367,studio,35,210,false
5fb0e12c-10e8-4fb4-83e8-0a934fc87937,10315,studio,82,1148,false
32dbe064-e324-4e3c-a4c8-c3a088030010,10178,penthouse,58,406,false
9f3f3e4a-2363-4ea5-a531-46c6ce022ae9,10117,garden,127,1143,false
46e81866-86ab-451c-ab9f-3daac7dce2bb,10365,loft,109,1526,false
a5cb99ef-94cf-457d-80e3-284009a75922,10319,basement,124,744,false
b95b3d23-629f-43f3-8b03-9753a528350c,10317,garden,148,2072,false
49b346c4-d438-4eda-a3f0-7f0aa52ac708,10119,railroad,91,1092,false
09475562-2093-4c4e-9bca-edd35959a73a,10365,loft,33,297,false
718fcd9e-644b-43a9-bc15-ea843aed1cda,10365,studio,115,1035,false
cdd59a10-46ad-416c-af20-32e4cdbab6c6,10317,penthouse,71,426,false
d2400b59-750a-4f61-9c1f-2a4e5b59c99e,10365,studio,61,488,false
6da22432-477c-4b35-950c-aee25625e5a0,10315,studio,123,738,false
38dcdcf1-286e-4cd5-bbbb-40ec34da8cef,10317,basement,35,245,false
c1fe931e-0899-4503-9577-d2231e28922a,10365,garden,120,840,false
d56cafd5-c872-4a25-985f-6c739157a949,10119,studio,133,798,false
4c6bc1b3-d713-4c24-8a52-6251ccde78f1,10317,studio,125,1625,false
368e2616-d698-48eb-bbde-ec889946f009,10117,garden,70,980,false
d7f1ecda-0595-45cf-aedb-f4edb57184d7,10179,studio,45,405,false
00981f6b-4860-4ded-95bb-7019531de3f1,10119,loft,106,1484,false
1cf0c62f-e743-49e8-9f87-0451b1922adc,10117,penthouse,125,1625,false
9f661ace-1a69-48a5-83a8-0f44cb58a286,10115,railroad,57,684,false
d38f42f2-4bc6-4eb1-9ac8-c0703f3ccf83,10367,basement,70,490,false
29d23d1e-460b-49c2-89d8-4d7805f7a9d6,10178,garden,44,220,false
0706c37e-0f83-4fa5-8671-db4921142d40,10115,garden,97,679,false
1dc83881-3b3f-46ae-baec-12377fade6fa,10317,garden,37,333,false
db9af3ad-a0f6-4a14-8a5e-59304f5d1e52,10318,basement,81,567,false
eba08014-60f4-45c5-bd50-68b0c0eab9b2,10317,basement,134,1474,false
fbf0d1cb-a3fd-48f2-a7eb-22eef7c3af32,10179,garden,137,1781,false
bc1035d5-a4fe-48e6-805e-a09552cd2f0c,10367,basement,38,228,false
e7b620de-42e7-4241-8413-b8642094ba79,10119,studio,48,288,false
50e84d1d-0c8e-454f-886a-780296916b5a,10179,loft,55,715,false
6944913f-bc52-428f-a518-81fbd31ee5af,10178,railroad,60,720,false
49e174c7-0f6a-4f8c-92b5-fbc38470d0fd,10117,basement,137,1370,false
a44fe6b7-ed66-48de-87aa-474ebce3e803,10178,loft,144,1440,false
f54e0979-342d-4526-b519-03c445330dfc,10317,garden,108,1512,false
c20eaca7-a8c8-48f8-8edc-dccae147828f,10179,studio,105,1470,false
f7b9a064-89d4-44a7-a14b-c7d438de7ee0,10317,studio,79,395,false
cddfc5bd-c00b-411a-9d29-9f46c41238aa,10365,garden,137,1096,false
63a81acd-5a35-494b-afc6-e9b06d49f215,10115,studio,56,504,false
9fe4de2f-6af5-4e1b-8f1f-9020c8faaaaa,10367,garden,87,1131,false
fb425800-7ff1-4285-81b9-b618955eaf31,10318,garden,53,265,false
d5fd43ba-dcca-404b-9fcf-69078e30100b,10317,penthouse,145,1740,false
58134d38-3eac-42b7-9166-29839f94d2b9,10367,garden,106,742,false
c4116b69-6239-4713-93e0-c1f4097387b6,10317,penthouse,142,994,false
653e382b-8436-429b-a6a9-8aad1dda81a1,10315,railroad,130,1300,false
72c2ae3f-d15c-4e7a-9820-5b84abe06a95,10318,studio,102,1122,false
37b75318-3451-490c-a7da-0a3141e1f5bf,10319,penthouse,38,532,false
d49aa41c-a9b6-48c3-9cbc-998cfd084196,10367,basement,84,420,false
31287320-8d78-4c0a-bc8a-08f345452855,10117,railroad,90,1080,false
28cb5b91-b570-47a0-9d83-a012012c3bda,10317,penthouse,102,1326,false
f1cdfde2-8cb9-411a-9a4e-dc88cff71552,10315,studio,60,540,false
b1a55348-7f56-450b-b603-5d2e0ce91736,10178,garden,121,1210,false
59dc2b34-3f46-4ae6-b88b-32aacc05fdf9,10119,basement,105,1050,false
0584ea7a-0139-4939-89a8-35f0293d6c6f,10317,studio,88,792,false
e461a747-3675-474b-bd98-6dc32c70ef50,10117,penthouse,81,405,false
2f256692-1b55-40b0-a90f-d18b1e33381c,10365,railroad,117,819,false
2fd60221-b58a-4d14-9da2-50e923a999b3,10367,basement,86,946,false
ebd6f129-f996-456d-b50d-e3d7e17f8ed5,10179,penthouse,43,473,false
f7323c87-1535-4597-90b4-a16b65a3a580,10115,basement,112,784,false
ae0f7e68-d2db-4b25-a2df-6d60258e9a7b,10315,railroad,139,1946,false
928f25f2-5bd8-4c4a-9dfe-9c6f8a428636,10367,studio,123,615,false
8eba12f7-c7bb-4319-ba6a-6cadf24825f0,10315,garden,34,442,false
0f93d580-4fd7-4cca-8f58-3558552e5b26,10317,railroad,38,456,false
f226f754-0f7f-477a-a8df-6ece111ac1ec,10318,basement,67,469,false
2c796b66-7c7d-467f-bca8-c9b3ac8eb09c,10367,studio,90,1080,false
dbe0c98e-7e03-4fae-b5eb-f832b5a1e85f,10318,penthouse,123,615,false
616caa61-3294-4fb6-8055-c3d2ced262f6,10317,penthouse,88,1056,false
221d1d42-7024-4eb9-8bbf-797aca155504,10119,studio,67,804,false
3dab1de6-cd16-4f84-b0e0-408b3375eced,10318,garden,85,425,false
7899942e-9943-47d1-b8c0-3e38405cc1ff,10365,railroad,31,403,false
122715e9-64b2-4c48-b790-e8a4aa1e0e27,10365,penthouse,44,396,false
145c2a98-a1e9-4fe7-b181-167ff5519449,10178,garden,146,2044,false
d9805e7c-0917-4f15-923b-5c4ad36bf092,10178,railroad,62,372,false
e65b0b54-1677-4745-9605-bfdb4e2a1250,10115,railroad,121,1694,false
dab93ea7-5520-4585-bb84-435cee774fc9,10317,loft,112,1120,false
c83764ae-57f9-4e3d-8ef6-5cf9b86fd5c0,10178,penthouse,41,287,false
55c5e6db-ce1d-4517-9038-2f41350f08d8,10319,loft,54,432,false
edd789c3-3db7-4d68-8c90-a549d66bb9b6,10115,basement,54,378,false
930592ac-6dfb-4945-9fda-6b9dbe358bf0,10367,basement,145,1595,false
b2e72b3b-97b3-4e1d-9181-80033b463785,10117,loft,128,1280,false
a62bb44b-7d61-4dca-bc8e-83c48c42f644,10319,garden,112,1568,false
1107d88c-e968-4780-9fcb-66973045e1a7,10179,basement,64,384,false
5636e5a0-1141-40c2-b1a1-306f557c382a,10367,studio,128,1536,false
9ccb84d2-36f2-4aba-b2e4-cfba56f3f0eb,10117,garden,78,1092,false
8052d4c1-224f-4126-b663-755ea27ff064,10365,loft,65,845,false
66d98b08-64e1-44ba-be50-76b34e6653d5,10367,studio,102,1020,false
5a0a6d02-2f29-410b-baeb-f7616681a57c,10178,loft,66,726,false
4a0eff28-2461-49e5-ad4b-e24fdec012c4,10317,garden,32,192,false
2be37a70-ecc0-4ae7-9ba3-ae332d4e6ff1,10318,loft,40,360,false
c254e2a2-e710-4e18-8a10-59058982c7c6,10317,basement,40,520,false
30aa383e-1925-49b4-b71e-de5b4e7c402a,10117,garden,58,812,false
daa9165d-3ce8-40c7-8314-fb3066347eb5,10315,studio,66,528,false
a4dc457f-1852-4f31-80f3-69c579622d75,10178,basement,117,702,false
2fa8dc5b-1be5-4eef-b94b-62596d2751c7,10319,basement,113,678,false
a1e3b969-4cdf-43a1-9c4e-46acbf111d36,10178,garden,81,486,false
c0a9ce99-db20-4752-8b4d-5a243c707eea,10315,loft,33,396,false
7ddeaef2-4dcb-4d91-8357-11559154ede5,10315,railroad,112,1344,false
798e93f9-297b-43fc-90ba-1e30bb23ab3d,10178,loft,87,870,false
585f9bbd-1153-4dca-bc19-d8198127b53c,10319,garden,87,609,false
7973c3d6-dfea-4ddc-8f5b-332ad7debe88,10319,railroad,141,705,false
a14ca084-3390-4d79-aac2-0696247cacfb,10315,railroad,148,2072,false
42f17039-ae05-4640-a6b5-3d0b0b11962f,10365,garden,66,726,false
8dd32805-4bec-41f3-8051-0b293893849d,10115,loft,96,1344,false
d7680e01-1020-4b5a-ac7f-3a7072925854,10319,loft,129,1548,false
80e0b4c7-b8e2-4db5-a853-97ac3f6d223d,10317,penthouse,130,1170,false
c45c0f69-7d39-47c2-ada7-1567925ad1d0,10115,basement,49,490,false
a1b2471a-c19d-4495-b79f-c0d657adb29e,10367,basement,133,931,false
ec7eb5fa-83ae-4d03-bba1-b79aa94e2594,10317,studio,51,714,false
493d89e4-c733-416f-ab98-c6df8cc5a583,10117,garden,137,1918,false
b4aa549f-a6d7-4c83-a63e-3dedde908bc6,10317,railroad,52,520,false
ea1403e0-d6da-464d-b2a6-dbd46df1fb9b,10119,studio,58,348,false
5457287e-f15c-4f96-ba64-ef6e161085ed,10317,studio,126,1638,false
b6df3874-29e2-4d3f-8d3e-2c1abef28a7a,10317,loft,44,352,false
002303a4-1246-434a-b124-556b56a4d6b0,10367,studio,53,424,false
38d68b83-dd9f-4822-aed0-9221b9055a5c,10317,basement,138,966,false
50c459f5-8ca7-477a-9c71-f554b5c2b73e,10117,studio,47,235,false
7a85910c-e3ef-465f-9d18-c932fb3065c2,10117,penthouse,96,1248,false
199265e9-67af-4691-9489-0cbee8e8df69,10119,basement,74,962,false
d86c3c9b-0d6f-4c0f-9a7b-727513d01794,10317,studio,68,816,false
ddf2c3a7-7a5a-46ca-a56f-832db8b77b92,10319,garden,138,1104,false
7afa6965-5c6a-4b06-88e1-874ad706e0e0,10319,loft,80,480,false
05fe55a8-76d1-4fa5-91e8-c331bef3bb52,10179,railroad,55,550,false
6094d0f4-aced-4e50-b5c5-62d4321eeae1,10117,studio,43,473,false
6cdb91ff-a58f-4647-9e9a-90525137740c,10178,penthouse,85,765,false
8b5b636f-fe22-41cd-9462-fd2d31dc1a29,10115,basement,73,511,false
5c09c9c7-b112-488b-945f-3d698815c0dd,10365,loft,49,294,false
4a9ca49c-9313-4173-80eb-2b66ff35671d,10315,railroad,53,583,false
5e062c50-852e-48ee-9986-1dffb3754bf5,10315,basement,79,1106,false
5966ec13-3bc7-47a2-b3a3-0a3006791ce0,10117,railroad,53,689,false
0b41dfcd-759a-466a-877c-b080f5044883,10317,penthouse,137,1918,false
b8cbfc3b-0b32-4fe9-ae63-71efbcb2a528,10317,penthouse,96,1248,false
0c552b34-8696-41d0-a5eb-870fe0482528,10315,basement,106,954,false
5501a329-31ed-4dde-b15e-461c37f79a21,10117,basement,31,372,false
bdb51fdb-14f2-4f39-9a8f-45dcb8e5d311,10317,loft,84,924,false
89f8054b-a0f4-40b4-8fec-7828a53cb754,10367,railroad,139,1390,false
f29701ed-630d-4519-8b90-4036637d068e,10365,penthouse,41,451,false
8d411e36-19d4-41b2-9206-eb74b3116e0e,10117,loft,80,400,false
8a161079-0b3d-4b98-9454-0217515d85b1,10178,loft,36,252,false
1af536b0-3050-4397-ac00-0ff6a9d180da,10367,penthouse,89,712,false
e7cf338f-b14d-4d3d-8324-809929f2c4a0,10315,loft,94,1034,false
73fe8796-6d5a-4a9d-adf7-cd31dc5dc500,10318,garden,73,1022,false
f289d5e5-7c92-410a-b008-b75377d2474a,10367,railroad,95,475,false
60cbede2-179b-4077-b3f0-0d44dcd1b6ed,10315,studio,70,910,false
d5faf036-49ac-47eb-b747-7c342058c7b8,10115,garden,79,474,false
08bf161d-d094-48a3-b0ec-355cba9d3900,10365,garden,57,741,false
b56cffbe-3099-4289-90af-eb8cd107e4f9,10315,railroad,103,721,false
bb157ad7-a84e-48da-8041-3e6fece374dd,10179,garden,95,1235,false
2b6ff0ec-d863-40a9-8d35-4d3c46809e6a,10319,loft,131,1703,false
4ee1261d-f871-4d50-a6ce-7cdd3773d520,10115,garden,126,1512,false
961b8491-3f64-4909-b11b-858e9e9732ef,10119,studio,34,340,false
da65b800-e2e0-4577-8482-11281dec49af,10315,basement,123,861,false
8f8ab3d3-0948-4e09-bfc0-3d6d0512087d,10367,penthouse,95,1330,false
607b8c0b-b5a7-4c49-a79a-93c81f547676,10117,railroad,58,638,false
1d03b06d-1726-48a4-9002-ba3b218ea035,10318,penthouse,81,486,false
0365cab9-9917-43d9-a9e0-4aa79f926e08,10318,railroad,101,1010,false
35640ad6-2d4d-464e-a095-fa21b7162f99,10119,penthouse,48,432,false
36e062b2-cdd3-4221-90c0-58f949ab9d3c,10315,studio,96,672,false
22fccb3b-19a0-43ab-8706-d725bae212c1,10178,penthouse,66,858,false
9fa64009-7d4d-461b-87f1-e5582b556116,10365,penthouse,75,675,false
5dbd76ba-a3ce-4a3d-b409-0e358a67658f,10315,garden,123,1722,false
aff112c5-9908-4923-b732-bbeb161a2dcb,10365,garden,97,1164,false
f089bc1f-c6e0-47ae-b967-5482f2c2e913,10367,garden,99,693,false
1b82dcf4-8c95-4069-9c69-e9963278acc0,10178,loft,131,1048,false
5a9fd28e-f0a2-4287-89eb-287a4b845332,10115,garden,136,680,false
07b75f67-e208-4ddb-8c8c-edfd93a341b7,10119,penthouse,122,610,false
35cfac81-6938-4a34-85fb-d75fd917ea2e,10367,penthouse,87,1218,false
3b20b86b-b93c-4180-a8ec-611d68525e42,10117,railroad,76,760,false
2b00beda-e637-4078-9b45-b697b3f33957,10367,railroad,140,1400,false
72a5f81d-4b1a-47e9-a5b8-5359559eddac,10365,studio,58,290,false
7238e4b1-a51c-46e9-83f9-f1f6ffb4029f,10117,studio,138,1380,false
9086fb41-c778-451a-b083-0faec630d447,10367,basement,51,459,false
94aaa9ab-de6c-4f60-bd81-3d5dcddffbe7,10317,basement,59,295,false
b6962325-fcd3-4887-bf5c-219cacee1b1f,10179,basement,98,1078,false
ceb25725-a43a-48b1-9bb4-1817cc66e207,10317,railroad,73,584,false
65c329b9-19a8-427b-91b2-3df476c4b22b,10318,garden,141,987,false
91010b42-243c-4549-a07b-af375bb49cec,10365,basement,87,696,false
748639a6-9156-49b9-9273-392b52f966f2,10178,loft,117,1170,false
3ed5c9cf-6759-4aca-9f1c-f243d4630df1,10317,studio,89,1157,false
c45db031-ab1e-40d1-8404-9a17bc743971,10365,loft,114,1140,false
8bf18373-1e5f-40b8-a143-1d8bbae83188,10117,railroad,68,748,false
305cbc82-31e4-4ae4-83f2-504ae32bd565,10179,garden,113,1243,false
36a15e8f-f1ed-44cc-b807-8f5659c7319f,10315,railroad,67,670,false
adf56218-e6e4-41ce-ba32-88b8503c5ca4,10367,garden,73,438,false
bcc40e78-f86a-47ec-bd1d-71c222c8ffb1,10115,basement,39,390,false
eb59b641-bf62-43e5-998f-7ff4131f6789,10315,basement,62,744,false
efc38f41-9dd7-4a07-858c-7c4774510738,10365,railroad,126,1008,false
2f6588cc-f1be-4995-ac08-499a73233adb,10117,penthouse,43,559,false
5a70dd0e-7f21-4901-a96a-0e6462008862,10317,railroad,82,984,false
7cfb011d-3860-4cf3-9fe8-52ee5bb8ce6f,10178,studio,57,741,false
4c808ba8-f030-4924-afe2-34160136f039,10179,studio,127,1651,false
56bdb0da-642c-46f6-94de-f62b7dc94aca,10365,garden,35,385,false
0044b9e0-6dbb-476a-9ff9-c922c4add847,10179,penthouse,126,1512,false
b64a788e-6c56-4d2a-9cc1-90cf8e5d04c3,10319,loft,63,630,false
42a40b75-2793-4368-9be9-b52880678744,10117,basement,47,611,false
acfc5dde-fd97-4681-aa13-9d325adb8374,10318,basement,148,1184,false
74a32255-0643-4c26-ad49-7509a900dc7a,10319,garden,146,1898,false
6cbceb68-c84f-4c64-8d54-2106d84314ac,10318,garden,114,1596,false
44a1cfe1-ff3c-4305-b1a1-45942c92485e,10115,basement,60,420,false
3f387df9-879b-4183-96e9-e1a7aae283a3,10117,railroad,128,1664,false
d23445e7-b40a-4105-939d-345c4e1fc27e,10365,basement,33,198,false
9e8f7f0f-0771-445e-bfb4-126afe707f99,10365,loft,105,525,false
b6bb52dd-6104-4b1c-9b30-d6a2c8064152,10318,basement,109,981,false
d7d021b5-8de7-429c-be3f-96a56b6bb8d7,10367,railroad,122,1708,false
a23aab5a-4cc5-4507-a83f-78f20ff94060,10315,garden,72,792,false
84c2e3f6-439f-4bb0-82cb-4fac0a186e9f,10119,basement,44,352,false
7c53d71c-b3c0-41c4-959a-599299e00199,10319,studio,66,396,false
fe197c03-6031-40a6-947f-229a6972392c,10367,loft,117,1521,false
d3b53f38-4493-45e8-b01e-2b0b554bf629,10179,garden,30,150,false
5beb9265-e2e5-4964-8d06-cb8d443066b0,10117,garden,98,1176,false
997c7484-0679-457b-bef8-8ddec0b82dd1,10117,loft,43,387,false
3d2cee40-266e-44a6-970d-99afa658da1a,10367,basement,121,1694,false
88e94f16-a3fe-4d7b-89a7-7e955fd321b3,10117,garden,117,1053,false
afea8c67-49e2-4bfe-a462-38e7cbed7da7,10367,basement,33,363,false
36e0b2ab-5a54-4ce4-af95-7c20a81f48ae,10178,studio,147,1470,false
84b145d5-2719-4627-8028-1aaf44002bde,10315,studio,118,590,false
6bf83322-c573-41d1-bc9c-6118af924c6e,10117,studio,138,966,false
207788ac-3c35-4503-bfbc-a15d02918d0a,10319,studio,105,1365,false
ba038cad-802c-4247-8f2f-66869ce50360,10117,railroad,69,552,false
a00d326f-9b4f-4093-9dbb-75d816c5038a,10119,penthouse,142,852,false
25b6b861-5892-470c-87aa-52f07d13f4cd,10117,penthouse,129,1548,false
b89ece7a-e3a9-469f-b68f-fbd4952b44ba,10367,basement,131,1572,false
0d41a245-a68b-4e03-98e2-b0c52155ca99,10179,railroad,93,744,false
f94214a7-2cc6-4bc1-9995-94ebeda6af79,10319,railroad,88,704,false
aef5300c-c100-4075-a10c-ba643e119542,10319,basement,119,1190,false
560fee15-ea64-41fa-a962-c014f33f74b5,10367,loft,50,600,false
77247725-0ce3-4117-9e70-a6ac00c2e979,10115,garden,125,1500,false
dcc1df80-4023-49f1-acf6-7f2463469568,10179,penthouse,140,1540,false
94fdf574-734a-4e12-b7a1-85f0a69b1354,10315,railroad,84,756,false
58584775-eee4-4687-ab66-50159fe6e557,10117,penthouse,88,792,false
d792a3c1-ad1c-4c66-a9ab-60515aebd80e,10365,railroad,64,832,false
ce13de12-ab78-4cce-9a82-40b7dee027ff,10318,garden,121,1089,false
e2cafaf1-f6e4-4a07-93f5-c611bfcf410f,10367,garden,64,512,false
dabd1f83-982c-43f8-8d6c-5b3fb66a0a77,10179,loft,94,1222,false
f18ee741-0698-48c6-b6a7-8fe4911c90ad,10318,railroad,76,456,false
04ec6c1d-3531-46f2-903e-63250f30f975,10318,railroad,76,1064,false
1a1be2d7-f6ef-408e-9b9e-9239b984e0d3,10315,garden,47,517,false
552ae131-c857-43c9-853e-dd90f443bee8,10178,studio,147,2058,false
011e502a-6a8e-4224-8a94-b504252b901f,10317,railroad,68,408,false
ad0a0b2a-6f83-420f-8183-02ded7fa60ad,10367,loft,52,312,false
77c8ae5e-310a-4b4d-a674-a5a94ee9a22c,10178,studio,82,902,false
f9d9caec-1e95-4232-af39-94b9272149b6,10317,garden,149,1043,false
9072c095-10c1-4799-8f4b-2cec6b500424,10119,studio,141,1128,false
0ec3c061-a2ab-4b9e-a293-155ecf52f36f,10319,garden,59,826,false
53406225-0e98-4eae-9fde-305e3ca3c34d,10315,garden,88,792,false
b8cdf519-5a2e-4c9d-b9ab-f1f2d63d2af6,10318,railroad,76,836,false
eea55297-eadb-443a-926c-a6c0a973336d,10319,railroad,122,610,false
9d1cff7f-fdac-4bb4-aa3b-bba05bff0e72,10319,studio,66,528,false
e2c6bec5-bbba-4011-9cad-1ef94559b963,10318,railroad,130,910,false
2a05755d-6dcc-43b3-bb00-fa4c740c7de3,10365,railroad,30,240,false
ec9997c8-dc32-4ccb-9351-24471840c947,10178,railroad,84,420,false
23964957-2b37-4bde-8c93-92ee4596b025,10365,loft,112,1344,false
3c7b7ba1-5e60-4c4e-a2dd-506255f9de46,10117,studio,31,341,false
84b4bc94-a0f5-4ef7-af6f-b8ecfa93ed37,10117,loft,40,240,false
239dfda7-26a7-4d73-aed7-25809d98c45f,10119,garden,37,185,false
6b701222-2c36-4a6e-b236-e39f095c59e8,10315,railroad,55,275,false
851502a9-0f8a-475c-82e9-f80e0b46215d,10115,studio,86,860,false
ec18bc12-849d-414a-8967-842362a378eb,10367,loft,48,672,false
ab4ea491-1bae-4e29-b337-5d23cee1db2e,10318,garden,50,450,false
bcdf2176-2e73-4eff-8f9a-9e2d3dacede3,10179,basement,114,1368,false
01082423-a862-45a3-9a2f-b824436043e9,10367,studio,54,756,false
14fff51f-e5af-485b-a94f-b6f73ee1071c,10119,garden,126,1638,false
e8789b7d-5630-406e-bcad-8a87f8235e2e,10317,studio,148,1628,false
887476c5-e85a-45fe-9b06-c3a0ccf064d7,10319,loft,96,1152,false
09b2a90f-21ba-4909-9cc0-985667f04b69,10318,basement,102,1428,false
6b1558da-4ae7-4e9a-a559-4f543d1ff9c6,10179,studio,88,1144,false
1e2f1bd4-5088-4c5d-955a-6fa38a16967f,10317,basement,134,1474,false
681950b9-d1da-4522-a3b8-8231d8ead77a,10315,loft,131,1048,false
25d140cf-a5dc-4562-bdef-053238f94a12,10315,penthouse,62,496,false
ec041d45-8284-45ea-9a8d-f280ceb3e9d9,10365,loft,50,700,false
39eb4391-65bf-4893-88b7-33a77e1fb233,10317,railroad,49,343,false
ee81aff4-c6c6-470f-88b1-4f747eadf380,10119,railroad,118,1416,false
2e50a918-9f3c-454c-b351-79ef6b653d2f,10319,railroad,66,792,false
45ea3253-a128-42ad-aca0-589691ed88f0,10115,studio,124,1488,false
120b14af-e530-4356-a90d-6547fc4489ac,10318,basement,136,1904,false
785f773c-3da6-4886-b64a-b98be89d0c3c,10115,penthouse,38,266,false
26fc57ea-00b9-4cc5-a72f-d02dee1cc645,10317,penthouse,110,770,false
bdc6c8b0-e200-4878-8982-5a7c3b4fcb56,10365,garden,92,828,false
93e87866-35fa-45c2-bd69-04b73c48b16c,10179,studio,61,671,false
2ee69a16-9333-4646-9ca5-28a98a8887e9,10179,penthouse,81,1053,false
031ab54b-5d16-4b53-a179-e4774be5a8a6,10318,studio,32,288,false
1e82a3eb-a2dd-47ad-b492-38c2900d7f31,10119,penthouse,134,1608,false
e613206d-3a66-499b-9ac6-17d095e04bfe,10365,loft,32,288,false
4bfa6abc-df04-4fbe-85df-9c327bb9c5d3,10315,loft,134,1206,false
f0206497-406f-42ce-9aa4-e489da851944,10115,garden,66,858,false
319d6f1b-d7ce-446b-9ffe-e17c433f1a45,10365,penthouse,55,495,false
7ee5efc8-8425-476c-b76c-2c05632d733f,10178,basement,143,1287,false
7a8f4c94-6c3b-45df-bdaf-15e41d67adc4,10115,basement,36,288,false
637096c3-cd86-4efe-b5ae-fc0b310bb5f0,10115,loft,96,480,false
434d15ac-42da-401c-831c-9271b3e2fe05,10178,loft,82,410,false
d494e57a-39fc-42f7-aa17-8cc997d43368,10317,basement,122,1220,false
9149fa3a-f4b6-4085-a2a0-c48581c04386,10179,studio,127,1651,false
69d7e4e7-2cec-448c-b3dd-1bfac1c6c9e6,10365,studio,94,1222,false
364ca022-4348-4d70-926a-a7d4b800ebc7,10315,loft,77,693,false
c32fac74-4638-471a-97e8-5ab7b312fdd2,10179,garden,57,513,false
fcf9804f-090a-4074-aefc-2fd58d516f04,10317,studio,57,570,false
ac28b8a2-5e2e-4730-82a8-ae1fcff9c5bf,10178,railroad,146,1460,false
aa30d9ad-9627-4de7-894a-6e5b58d91b8d,10367,studio,30,150,false
0c5b5752-62d4-4885-b081-fe65cae3f260,10317,basement,116,1392,false
de816f8d-d51a-4e09-a168-22a6cc015eea,10367,studio,134,1206,false
041b0b5e-6f5a-49df-af3d-dfe3e1a03f67,10365,railroad,103,927,false
5787ffe5-3f37-402b-b208-b9ebc68eec39,10179,loft,67,938,false
d1e71f1d-79f3-4f1d-bb08-bd14f150e4c5,10119,penthouse,145,870,false
8495b099-8bfd-4886-9ebd-9916d2f94382,10367,garden,84,756,false
26cdcadb-cac6-40e6-8253-aa2079281029,10315,railroad,88,792,false
5ce0a8ce-104f-4635-be71-2e41f09dc7fc,10318,railroad,67,402,false
1c08eea5-8e3a-415c-bc1f-0d2698f0e1ca,10119,railroad,129,645,false
3a334114-66f1-4f48-ae66-3b2ad781b829,10318,basement,50,400,false
0866771f-cee8-480d-9c07-5f3ef0920210,10318,loft,120,840,false
4d554f0c-7e88-4078-a98e-a30a45f18a51,10117,studio,136,680,false
7f77276b-85b9-422e-b49d-f3e5430ed053,10365,penthouse,69,345,false
17e1deb2-f51f-4270-ba18-6cf42b78a0bf,10317,railroad,117,1170,false
ba0236e0-b6e1-44e4-96a4-8e5fcd4db60e,10315,loft,63,441,false
60542e04-81e5-4b3b-b003-4202453a5c67,10117,garden,108,1188,false
699b5697-f448-486a-bdc1-778ea9485fa0,10178,garden,130,1560,false
6325767e-419d-41d6-82ac-2b300ece257a,10119,garden,77,847,false
2d397ec3-432f-4ed0-866a-a20c3101f71d,10115,loft,148,1036,false
d23b2d61-b168-4319-9ff8-67ed39e98780,10179,penthouse,137,1096,false
ba740cef-42ad-4797-9a27-8fa46d39d030,10317,railroad,91,910,false
05f07a32-32f6-4a6d-b79a-235b7764190d,10115,garden,79,395,false
c06c5706-8546-483e-8e6c-33d0c4b24e4a,10179,basement,88,440,false
f57b5b4c-0373-4dce-a062-77a29130b264,10367,railroad,117,1521,false
32265b86-39aa-4c13-a3a6-33f56a0efd33,10115,studio,124,620,false
739cccfc-cc0d-4654-add1-02919d2f3af7,10365,railroad,67,670,false
e4f99072-e28e-44ab-bde1-02d8676694a0,10119,studio,129,1032,false
5fb07155-eb4e-4b94-bee0-b1f38f1cb7fe,10365,loft,98,784,false
dca87e9d-afb4-4545-8892-166961fed81f,10178,basement,124,1736,false
8d623dfd-bce7-4683-b673-355f58cdf144,10179,garden,35,350,false
2f1b5284-5142-472a-b98b-a9001822060c,10319,garden,76,380,false
616b58af-52b0-4cb5-92ec-b69948a48d9d,10365,penthouse,57,399,false
bd311b24-118a-4e61-9f61-adede298aa9b,10115,basement,94,564,false
05e8ead1-0b5b-4273-b077-58a42c2e067f,10318,loft,67,335,false
1492277f-a410-4343-82b5-c47494a93b23,10179,garden,55,330,false
5f85c8c5-225b-40fd-9889-c411d2ba42ef,10365,loft,40,320,false
c004ad28-1113-40b5-834e-e2022c7ce00d,10317,basement,71,781,false
8a3527b7-47c8-49c8-9555-e09d933db3f7,10119,penthouse,38,494,false
f9794672-1852-467f-92b4-f16d4daf8892,10119,basement,144,864,false
63efd026-a3fc-4d0a-a934-14c6586408de,10315,basement,50,250,false
b4dfece4-2580-433f-9219-9fbc3902b105,10179,studio,74,888,false
3f0d520a-40d5-4ac2-b4cb-ba200c22a24e,10179,penthouse,83,498,false
b3543ee1-2528-4fbd-b0d3-e426f80be9a4,10319,garden,72,576,false
0c1cc81b-d606-4a7c-87ce-cffc0e746a32,10119,penthouse,145,725,false
4c9e9875-006a-4a7f-bf3b-a9c63e2d7053,10117,studio,58,464,false
70184b8a-2d05-4a11-b850-af5ca8c65080,10318,railroad,79,948,false
3bc3081a-5a55-40ec-bb5f-4f347bf3d464,10319,railroad,63,882,false
464cc2da-7793-40ad-81a1-91f247b98946,10319,studio,61,366,false
859be089-e9a1-48f3-8802-b70ede2ecdc5,10119,basement,42,504,false
559f33dc-c93b-4060-909d-789ceca74dec,10318,basement,144,1872,false
97278d19-a05a-4b94-9adc-22ebbfd2e46e,10319,penthouse,131,1310,false
3d963ece-f3c8-480d-8294-e3ac7f4fabea,10365,studio,43,602,false
e0ba4755-1a8e-4ef0-bc3a-0e5341298ffa,10119,garden,57,741,false
78c3bc8c-f468-42c3-9959-acdd7e43dda5,10179,penthouse,70,700,false
996d1ca7-3871-4784-b6b3-f913e8ced3e1,10318,loft,36,216,false
1140a037-1ba6-4929-866f-1aaf2683fc07,10317,penthouse,69,966,false
32ba54bd-8ee2-4931-9003-fbdf636a331c,10367,penthouse,134,1072,false
01143949-c9b6-46eb-b70d-cce01bb4312f,10117,garden,72,864,false
3b4dc239-743f-4e11-aeba-31cc0f260d01,10179,loft,91,546,false
df5dec80-d771-4277-a0b8-97553a343462,10319,loft,45,495,false
487cb420-9d90-4ffc-99e1-a3426debde02,10319,studio,111,666,false
6fc0734f-49f5-4869-acaa-122bde8697b0,10178,basement,54,756,false
a3c0cc21-9ffd-439d-a5d3-2cc99de68b0c,10178,garden,134,1608,false
0a658ebe-91d1-4abb-bb4d-2b88f38253e3,10115,garden,39,546,false
b28c3b05-dcbd-4536-918d-0ad5db0a22bd,10115,studio,114,684,false
41ed7a4d-9407-463e-919e-e5c3fb08a4e6,10367,studio,55,385,false
255e7ad0-dfbb-423d-bd99-e599dfcf4c6b,10117,railroad,96,864,false
1cbb2ce9-13b8-4582-a97c-b2ae07e485cf,10367,basement,137,822,false
96146bb4-dd03-4374-80c3-dd0938832b94,10319,penthouse,45,450,false
515d8bad-675d-4900-b0eb-4d171d8212b4,10367,loft,83,581,false
1f628d62-8200-44f0-ac4b-e73afe7ac9c2,10178,basement,30,240,false
f353dd08-7369-4b72-8682-6d1e3cc48ca7,10178,penthouse,90,630,false
cdf57477-a0f3-49d5-805b-03c14ae27f52,10367,railroad,38,532,false
d0070eea-590c-4cc0-932e-4b1314b35049,10317,penthouse,136,680,false
980097a8-eea9-4fc1-9098-78c086b4b300,10115,railroad,120,840,false
eb31501e-1eed-4e1d-ac24-63cdafc99c82,10179,loft,67,536,false
0ca48b93-93f1-49d5-93e7-6d51aac97025,10315,loft,143,2002,false
c6049190-1ead-42a0-a0db-86b4c8561225,10119,basement,132,1056,false
895ccef9-6928-4ee0-983c-56ce1f841cbc,10365,basement,89,1068,false
1a589bd4-e46d-448b-a5c5-9a88a1bd4b6f,10315,garden,43,473,false
a25abae5-408d-489d-98b5-16a25913f7d3,10365,loft,64,320,false
3577e8b5-5d34-4b62-900b-27d95a4a0820,10119,railroad,44,440,false
020cbc03-c9b1-4680-a6d8-18a8e6e9e247,10318,studio,65,780,false
9b6426c9-6242-4a3d-890f-9ed56aabde3c,10115,studio,35,455,false
60c2f6b3-decd-488c-b97e-a9138dd28b33,10365,basement,93,1116,false
2720079c-cdff-4a4e-a2a0-e7b58a01e64e,10115,penthouse,65,650,false
6abef968-51aa-45bf-b94d-67518e7260c2,10179,railroad,110,1320,false
a8a2db39-319d-4220-9f36-740261b55bf6,10365,loft,131,917,false
45dc082a-29da-4be4-bd55-3285e9ffc827,10367,penthouse,66,792,false
b6c15981-4f41-485c-aa10-5ffb714bfde0,10179,loft,83,664,false
060414a2-3f50-4487-acfd-f499d8c22c84,10317,penthouse,71,710,false
717babbc-bf7c-471f-9c39-1045ea4cee28,10178,basement,121,847,false
991c3631-dfb5-4319-9b09-456c8efeb90f,10315,railroad,89,979,false
aa1ee9c7-e854-4d15-9d01-39b4fab5be36,10365,railroad,33,264,false
12cc7263-d8d3-4c60-b1a6-3fe9f889d6ab,10315,penthouse,121,968,false
71af624f-e3b6-42cf-b380-6ffb2ec2c726,10315,studio,76,684,false
c6dd4dab-32a1-409b-8ddb-07ee9a778980,10317,studio,116,928,false
5d0df723-508e-4590-9570-15f9ae00252e,10365,studio,69,621,false
23630da0-29ec-42ec-8709-853214b3d673,10119,railroad,59,413,false
00d28554-86eb-4bf0-a13f-5437bad5c989,10178,penthouse,59,767,false
e42376ca-6f79-480d-bbd8-3a79985e6f8c,10179,loft,30,300,false
bd662027-1ff1-4d05-8280-b2f401deb83d,10367,railroad,117,702,false
992c6cdd-0013-40ab-8882-4621499dbf45,10115,garden,131,786,false
4f6e30b6-115c-483c-9d8d-fe7c2905a670,10179,basement,34,340,false
9ba7f905-c769-4985-9ccf-d010e0ec5917,10178,penthouse,31,279,false
83c2c9c2-a7b2-4b6b-875a-49514e33e46d,10115,penthouse,101,505,false
34c3abff-6a31-4fb9-9706-2f3efe8ad455,10318,loft,36,288,false
6ee055da-2609-4509-8c02-84deb8e5f93a,10318,railroad,47,376,false
523af55b-76f3-4df5-81da-d1a9588b298f,10319,loft,133,1463,false
9814b63e-7d30-491c-8777-608f9487f70d,10178,garden,86,430,false
5e1bbff3-014b-4d1c-8217-1eef59d4879d,10115,studio,107,856,false
2b0f5d74-00b5-4f1a-891f-cf9add85f1b3,10178,studio,39,507,false
4be1dd49-5a30-4b66-b148-e9f0fd06afd7,10318,loft,145,725,false
fa74703c-50cc-4d12-b88f-bec62ee20c1d,10315,studio,103,824,false
4d6a742c-4303-4bff-963f-b86fb3dfa697,10119,railroad,42,420,false
c3556e10-ebb7-4850-adae-38280d39addf,10178,penthouse,94,752,false
4cc6f7e7-f2e0-4528-b55b-9040bfdef1fb,10117,loft,42,588,false
53af4857-0ecf-4654-ad08-7d0498df93b4,10317,penthouse,121,1331,false
d751edbb-acfc-4f6e-8adc-dfb6819e9e46,10119,loft,109,545,false
7c824401-6a4a-4a70-8595-2953b4bab81b,10119,garden,97,679,false
cd263f9d-a3fa-49dc-9ed6-d0314200f4dd,10365,loft,115,575,false
45dedc66-4634-4c90-b64b-f7f84ef04fe3,10315,penthouse,115,690,false
ec7dc39d-bcaa-4717-963f-ed0de9f613c2,10178,loft,43,473,false
9cb22e24-45dd-4a24-a33e-87650c07606e,10319,studio,84,588,false
f189d5e8-4405-43ce-bf4b-261d8cc7285c,10179,studio,65,455,false
1b7467f4-dee4-49f6-ae69-103d8209b4b7,10318,garden,77,1001,false
ae6c2862-0b4a-49b1-96ae-e2d7d78e389b,10117,railroad,144,1728,false
4ea6c0ee-cc8f-4e38-9528-f6c9daea7590,10119,loft,45,450,false
b34358aa-1273-4702-9f2b-cd7bb4a70187,10179,penthouse,144,864,false
640f88a9-b58c-4336-b261-81558130e0e0,10119,garden,43,473,false
99d8d724-da64-401b-be9f-53b00dab7e51,10317,penthouse,54,702,false
8c4d5fb6-1683-45e3-8cf3-3fbc2a2dd27f,10117,railroad,57,741,false
baa9ef99-8b1e-4520-92e1-dc0a68fcbcee,10117,garden,44,572,false
8955332a-612e-48ec-a478-41b7413e5b84,10178,penthouse,92,552,false
2231987c-85e3-4899-9a82-76ba21e78e5d,10178,basement,122,610,false
3e3b5bd9-9788-4c69-a61d-b20bb4ed0880,10178,penthouse,110,660,false
87ef8036-4a62-4085-8032-ebd396764a96,10315,railroad,46,506,false
f9899830-26ee-45a8-b05d-18b10a4478bb,10319,garden,125,1125,false
839f0caa-467b-409a-8afc-0297a8f1b426,10117,railroad,34,272,false
f327f8de-e4c2-4866-b83f-80932e796184,10367,studio,140,1960,false
18672230-2308-46ef-9154-acddb762cc85,10117,penthouse,69,552,false
aa2e8a64-617b-4630-92f0-c91f6ecf3bcc,10119,basement,74,814,false
be76d1e1-19d3-40d7-9f18-39f2e81f9f0f,10365,studio,73,730,false
16196c00-9e6a-499d-b3e5-87a15bee1b0d,10318,penthouse,55,330,false
0fb8fef8-761d-41c5-b9ff-c5b1f7279ccb,10179,garden,129,1161,false
e25e9f79-8f6c-4662-ba3d-2167b8fd634a,10179,basement,74,962,false
c7c18e27-123c-48ef-8459-2381a3f39340,10315,loft,36,504,false
5204ebba-27c7-4ef0-b847-923e1c8ab4e8,10178,garden,63,441,false
a4027110-c8fc-465a-bd64-be51fb77778f,10317,basement,114,1368,false
99c097b0-396d-4909-8b4b-8a456294ea0e,10115,loft,67,536,false
c16193e7-871e-419e-b079-49cdd23d956b,10318,loft,59,531,false
eb1a6616-043b-4240-9291-9f740b941604,10119,railroad,135,675,false
df4a675e-03d8-45e4-b072-47193c284425,10119,studio,68,612,false
3448f33d-4a9a-46c4-be8a-378fcd24b1bf,10315,studio,72,576,false
4fc5473f-292d-4f08-8d8a-f09521314ed4,10178,railroad,126,1638,false
ee874583-11cf-467f-a7a8-ebc9240de174,10315,basement,76,608,false
7df5f584-e9e7-47eb-8e2f-a82c1d59198b,10365,loft,114,1596,false
ca893162-6083-441e-be86-505c30edd609,10315,loft,95,1235,false
030a2851-dafc-4353-83aa-86ddd71e8c23,10365,garden,72,432,false
527e102d-a188-42af-94ca-db5ee529c45f,10319,penthouse,88,1144,false
a955d611-506d-4798-aaa8-3e15927fa073,10115,garden,149,1937,false
8371321f-1148-48c8-a7ee-3e18c54eaf38,10315,studio,84,588,false
ae3a6ec4-6c3f-4012-bd23-c3474c272a96,10367,loft,148,888,false
f8946963-5164-4ca1-88bf-c0d1b18674c9,10178,basement,57,627,false
9cab0e1f-bd9f-4190-9c28-2ac7e378a4a3,10318,garden,36,396,false
5768ab06-84d9-42ae-8a0d-751ae09420a8,10315,loft,144,720,false
fcdc9ee2-d31e-48c0-8326-9c3603386ae5,10119,garden,106,636,false
6d6729cf-e3c0-4757-9e01-03001d501f65,10319,loft,138,1380,false
19a86722-9cad-4cc8-bd46-0375de8fc48c,10315,garden,30,270,false
bccc8165-8466-49a5-97ee-92a2445c4295,10119,garden,55,715,false
20c21a89-d263-4e2a-9fad-13c17ebd24cf,10179,penthouse,98,784,false
5a220bc2-ac21-457a-b8c4-824f0ff010bb,10317,basement,94,846,false
bf3587d3-bde2-4c97-9cf2-350a2c4e3ae7,10319,penthouse,49,441,false
c9835578-6185-43d8-b2fa-3bbc95daaae1,10319,penthouse,92,828,false
22e8fdf1-a83a-4e5a-8a59-d9bdd852128d,10365,penthouse,110,550,false
940243c4-2436-4c72-887b-843954cd63f6,10318,studio,112,1456,false
c6c77a47-efc7-499f-a99c-78d591e8204f,10365,penthouse,98,1274,false
9077dbbb-f548-4864-a1d2-c2d6b0a4001d,10367,railroad,59,649,false
4435d401-d767-4b45-a1de-8bfd27b8ccf9,10319,garden,137,959,false
bc2ceefe-4ca8-44e9-8fdf-061e88ea5663,10318,garden,33,165,false
df37b36e-e9e7-4581-8c2c-23732ba506e7,10315,loft,103,824,false
8ea7aeed-89cb-49a1-91ba-7ea84f6e9069,10318,studio,59,826,false
d7dcb423-0446-48f3-b8b8-d7955f3954a4,10119,basement,108,648,false
33fd8056-a2cc-487b-9b5d-574f8368483a,10178,railroad,144,1584,false
6b03f7d7-872d-4530-80f5-3b0f1be7a1fc,10115,railroad,37,296,false
62e49d87-591f-44fb-98bf-bdd07e34f14b,10365,penthouse,44,264,false
306cd111-24b4-4725-b46b-b24f2ff9b99c,10179,studio,102,1326,false
f9368436-e259-45f3-aaf3-12784b20d424,10119,loft,65,390,false
a2a9429f-0b0d-496f-b850-942bb77f7ff0,10119,penthouse,53,265,false
bff87540-cce6-4505-bb95-85ab586716e1,10119,loft,64,448,false
4db7242d-6b0d-4d3f-933d-5075472ca4f5,10318,railroad,82,574,false
2a54a969-cd3f-4228-889e-ad47161fbe14,10119,garden,69,483,false
1e530307-9813-4159-90c4-97fc3f43b441,10367,studio,72,432,false
58a58187-45d5-43a7-bb01-d22c6dcf0798,10115,penthouse,75,975,false
8ab7af87-01b5-4ae5-99d4-a7bd85ca2c16,10315,loft,65,325,false
468d5245-3c2e-47e7-a958-5cdbecfd1f95,10179,basement,134,1608,false
7fd7d4bc-b868-4d3a-ba2d-1eb3cb9d779b,10179,basement,32,352,false
42d048f9-6a5f-4524-9153-e5cf87e962dd,10115,railroad,131,1572,false
018776ba-ba05-40dc-b6fa-5d05d2693df2,10117,penthouse,146,2044,false
fbaabe02-4d5e-409e-9a92-9e9b4acd42c7,10319,studio,113,1130,false
284988b5-d434-430d-a16d-7fda73099d5a,10115,loft,33,330,false
97958b71-c192-483b-a270-b94a78dd219d,10318,penthouse,100,1100,false
c4e29378-15f0-406a-befc-d27c6f4b6dfc,10367,garden,79,395,false
e70a0770-8931-4fb1-a96c-ba72d1eb9dc8,10367,loft,95,1235,false
656f0695-8295-427a-a90c-497962da11f0,10367,railroad,54,594,false
7bcbb8e3-5a40-4d9b-a366-7856e5111d26,10365,loft,65,715,false
167e6608-1661-48f6-b912-f3ded7b3f425,10319,studio,124,1488,false
7dc134c3-b5fa-4030-96f4-d8e42f048da7,10319,penthouse,57,798,false
1451f8ce-0c80-4f6c-b494-acb27b7b5aea,10315,loft,111,999,false
92ad7dff-c7b9-474f-963c-f3a1ab590d40,10117,penthouse,79,1106,false
af92d812-5263-40c3-8587-0e515f5b7a70,10117,garden,137,822,false
37a314a6-5876-4d16-a6cc-6fc1b0c8488b,10115,loft,74,962,false
94e3a428-7a47-4ac7-9b4b-2f6e7eae2b0f,10117,basement,140,1540,false
298f2466-7cba-46ae-afaa-b568b22c4d3b,10179,studio,113,1017,false
a8f5a3f4-798c-4793-9c94-67508dc29470,10367,penthouse,42,588,false
06554a8b-1711-4481-af6e-37f681aa1619,10365,penthouse,38,342,false
03f1fc37-b059-4852-9ced-6d06ba4e0595,10179,railroad,69,690,false
81adab78-a00b-4a60-bb1b-d1887cab0f55,10317,garden,103,1442,false
ee6ac36a-b8f3-4a4e-ae1c-b85fce1ed723,10315,loft,133,1596,false
4645d5dc-c92a-4cc2-9884-354cd2ba632d,10117,studio,67,670,false
2aa3ec0c-8622-45a4-b60e-64bbe6dc7974,10367,basement,129,774,false
63b76169-7e53-4d84-9791-a11625788a31,10115,studio,132,792,false
c92c0504-9524-4848-9fb6-c0eb08be635b,10119,garden,38,456,false
bff180aa-a25f-4d97-8da7-1bc694a1f94b,10119,penthouse,110,990,false
11476959-1d39-4fdb-a83b-43305ce82507,10179,garden,49,343,false
bba33452-e38d-40e2-b557-3e819d6d27ed,10119,garden,134,1876,false
ef4f5e24-8a1a-43c6-b5ff-f03f46320e97,10317,garden,142,1704,false
6e810114-b8d4-413b-b5ec-bb1e5a972926,10115,basement,139,695,false
896def64-650d-417f-920c-b29b38f090f0,10367,studio,31,217,false
3ee48c53-1da6-4515-aba5-1bf3c01c99d6,10315,railroad,49,245,false
a49132d1-a9b8-4847-a22f-9c0c5cd72f74,10119,railroad,76,760,false
be05b37f-b645-4ed4-8beb-aeb43e99b5cb,10117,garden,48,576,false
e5ee8b7c-9159-4894-8c82-f307c9988c93,10365,studio,32,448,false
76dfd4a2-3806-453e-826a-d1ee4e31b56e,10178,railroad,91,728,false
7be04418-a309-4b12-ba78-24a5ca02a7e6,10365,garden,60,360,false
68a8af44-3fc0-4599-9a14-695628ac4a59,10367,railroad,95,665,false
0704bca7-03ad-4c44-bb25-5f7999a88e7b,10365,penthouse,109,1526,false
820a7154-bd51-44aa-8356-02539a782928,10317,railroad,149,1788,false
82dd66bd-83aa-43be-a35c-f5584997abbf,10367,studio,50,250,false
356d59eb-fb82-4566-8d54-d446fe18e1b4,10367,studio,34,442,false
6e380027-954e-48f4-88cd-5011955eae25,10365,penthouse,89,1157,false
6aec4d07-d6dc-4f80-ae68-382159fa1762,10367,garden,115,1265,false
52bfbed1-62f1-430c-8b3c-a57346026942,10179,railroad,132,1056,false
31f369a0-608e-4d2e-b5ea-a073676a39a0,10367,studio,101,808,false
0f2eaceb-98c2-4d25-bea0-1e658da8c4fe,10315,basement,56,392,false
bf3c24f1-5f26-4e7d-bd31-c54ee916f23b,10115,studio,103,927,false
3a4cbf3e-fdf2-4d6b-9c21-92d28ab48116,10117,garden,113,1130,false
bfaf5c47-57f8-46f1-94f3-1d73c51bfd84,10115,railroad,125,1125,false
cdc4671b-a66e-4b8d-b2dd-fd300479f62a,10115,railroad,72,360,false
a95c271c-0034-4f75-8647-5bd16427833e,10117,garden,113,1130,false
c4e5c83f-76b3-4eaf-89f5-7aff8d439d8f,10178,loft,70,560,false
20341caf-a586-451b-9d63-6df1de9b62ec,10119,railroad,148,1184,false
d947c0ad-1fac-4c23-bf62-0f899f7d618e,10367,studio,81,891,false
7c2baf5e-f1a6-4648-ac61-dba65a0b9951,10315,penthouse,60,840,false
089df617-57d4-4e37-b897-ac8c041db4e4,10179,penthouse,42,420,false
d4cfc5d8-7463-41b7-8d90-6f9265991c8d,10115,penthouse,130,1690,false
92fd6eb1-e015-440d-a9ef-ba71affe0cbb,10179,loft,35,280,false
88d6c320-f91a-410d-8dc9-8d0779967e87,10179,railroad,90,1260,false
55ace30a-ab36-4d41-8dda-fadbff426732,10315,basement,82,1148,false
eb77cbf6-8426-4cba-83bb-763dfbebb837,10318,penthouse,51,612,false
78ee13ba-efe6-41da-aca5-817abff1246a,10318,garden,54,756,false
4031a0c2-df67-44e6-88ef-19a1461c19da,10367,railroad,34,272,false
80b6b5e8-6351-4806-91f3-e506350aefb2,10315,penthouse,86,602,false
a95d6d68-52bd-4454-bee9-f0f36c887bbb,10178,penthouse,115,690,false
26372e9c-c6f1-4557-9b93-fb5eace7538e,10317,garden,100,1400,false
0bb03e2d-7334-4566-979b-f7386dbf2727,10117,studio,40,400,false
3a00f6ff-88c5-4611-abdd-58dadffc5186,10319,penthouse,140,1820,false
cca68301-c6c5-4ee3-98b9-855d4ac11371,10365,basement,65,715,false
a58a4aa4-26bc-4f23-80da-cdc88651313d,10319,penthouse,120,840,false
9065131f-3791-40bf-817a-cc6406662bc2,10319,studio,75,375,false
5f1a3cca-b896-4811-a201-7a8c2a841cc0,10178,garden,88,440,false
a6dd903e-92df-404e-8856-a16293ef5796,10365,penthouse,134,804,false
7a34e551-3f04-4ad3-8371-af6aaa7d4026,10317,railroad,148,1480,false
8c4c6c3e-cf8e-439b-88cb-2a9a1174cb98,10119,garden,124,1240,false
c1b49d7d-23ee-4882-8efd-16e2cb9f926e,10317,garden,78,546,false
d7a58789-2bfe-42d8-b60d-4dd2a59c61f9,10119,basement,39,507,false
edc15506-d07e-4224-b09d-31fe0349ea7e,10178,basement,60,420,false
c51b8eab-d667-4d1e-8244-2514f98ff8b6,10315,loft,133,1729,false
e35489c7-c00b-446c-8f5f-35dbb09df7ae,10115,penthouse,93,837,false
90f46765-acca-4aea-9420-62a5ad9074fe,10318,railroad,131,1703,false
310ce374-b865-480e-801f-02875c58e97f,10318,railroad,70,700,false
b6ed45a9-eda8-4dd8-b439-30c60d5a4d73,10319,studio,66,660,false
34ce6a1b-3417-4ae6-9df1-35a45b9045ca,10179,basement,115,690,false
c13223e9-3a53-44ce-bad3-6e3a00005ef9,10179,penthouse,97,1164,false
ccb9bc2b-40ea-4892-9e88-9bcbfb3a5922,10318,studio,99,792,false
809d0599-7680-4a83-a4c5-cd1f4af400c6,10119,penthouse,79,474,false
2470ce3b-5ad1-471e-bdfb-e49114218861,10319,loft,51,561,false
564c641f-de6a-43f4-b43f-2a853849452b,10117,loft,47,517,false
8fd81b83-a1fa-4f71-a4a5-ebf472312ee9,10365,studio,114,1596,false
7d05befe-a1ee-4c58-993b-790820ef4f30,10318,garden,55,330,false
7814ff43-78a2-43d7-b180-1e13cce90881,10178,loft,102,1020,false
ebf79a79-994f-4b42-91c3-57b1a2648935,10315,loft,143,1287,false
8967f0d4-0d2e-4837-ac8e-526298bff25b,10318,penthouse,114,1368,false
34dd00dc-c247-4956-bf1a-db8a044f8121,10367,basement,40,200,false
6bc677a3-00df-49d8-8290-4a8ad671f608,10319,garden,95,1140,false
cdb1005e-774c-4dbe-9d90-d6fb1ab25d16,10117,penthouse,87,957,false
5d89f244-0e2a-472e-98ae-b965eb6dda2b,10317,railroad,126,1638,false
59b2adb8-e694-4153-b158-fd502e699933,10318,penthouse,129,1419,false
779300cd-ac21-4c1b-b380-521a78aeed83,10119,loft,124,1488,false
aa9a8132-14b5-45ad-89fe-33df650c28b1,10115,loft,68,816,false
44c7a77f-668f-4172-8466-cb8e5bb489a8,10115,studio,119,1666,false
6411edc9-8ec7-48e5-8ba5-347383d81609,10119,penthouse,58,464,false
bccc7e26-20d1-40ad-a0e9-1a7269b0f7be,10117,basement,147,1764,false
b5c49314-2ca1-4273-8bcc-ac8721d5ff36,10117,penthouse,105,840,false
44ede3ea-8941-4933-b8a7-3f77c3cabc6f,10318,loft,110,770,false
5cecd183-6a09-41d6-bd20-78029c01031c,10317,garden,84,756,false
7af2dc84-efaa-46d7-a8a7-d92eca9c85f3,10315,loft,100,1100,false
3df19365-f282-48f4-9d58-d4137f2c5e40,10179,penthouse,55,495,false
11695c9c-d845-4332-8355-8ff207134e0b,10117,penthouse,76,608,false
5c7b8d50-6df4-48d5-8045-008b81c1028a,10115,railroad,51,306,false
7803f5a7-ef2d-43a7-a17d-7cefc7cb042b,10319,railroad,115,1265,false
0f739b6d-4161-4041-9fc9-51b474c922f9,10115,railroad,52,624,false
ccddf414-81e3-4044-8655-b7a2392a93bf,10365,railroad,133,1463,false
c4c32290-c830-415d-8793-424f8f1e3063,10117,penthouse,90,630,false
a0731530-cf25-4073-8354-88024e3d199b,10367,penthouse,140,1120,false
14035a84-5bfc-4221-915e-17297772325b,10179,penthouse,37,370,false
15380a2b-762a-4454-a643-e2615e12f738,10119,garden,44,528,false
c5f9c52b-ace3-4214-bb3f-391f698aedd1,10315,studio,58,464,false
fb64a1dd-0211-4a0c-9e7a-eb60c312fdea,10367,studio,50,700,false
5ae06381-8325-419d-9d60-b205a27a6b58,10179,railroad,36,288,false
add1d2f1-6832-47c4-b28c-9b404d1d8fd2,10117,penthouse,112,1120,false
92f80c4b-25c6-4a41-b37e-522ff28a3e52,10315,basement,102,1020,false
63e106a5-80d6-46fc-a3f4-f9aa979bf98e,10365,penthouse,63,630,false
20c86f17-511b-4265-840d-f737aa7eeaa7,10117,garden,51,459,false
f7b4466a-0f3d-4ff4-abe7-f89b4470f81f,10178,loft,39,351,false
943d4ddd-fdc1-48a3-98b4-bb68ede41370,10365,garden,118,708,false
fd81755c-f785-4a6f-8601-25872577d90c,10317,loft,86,688,false
cbba602f-ae99-42c9-95db-25af0e0b92e7,10119,basement,31,403,false
da16daa8-a0a2-4e9b-a5bc-e1b1e9251fc1,10315,basement,85,510,false
7f007e78-e58b-4317-a9a3-56041d0e1453,10318,garden,139,1251,false
b51f2f35-2c72-4d2c-8423-a77261f2b340,10178,loft,50,300,false
90fb3ee8-404d-44b4-b491-6efd57a80ddc,10117,loft,78,624,false
95f6adc7-f31e-45b3-8aa5-053c260a5a4c,10119,loft,41,533,false
bcc11443-8ef3-41b9-a0e9-5a64c9490e6b,10319,garden,67,402,false
23c63b94-f8ab-4ba5-9def-a2165b2e894d,10119,penthouse,43,430,false
686840e9-3811-44c4-95a6-2e1802e1bad2,10315,garden,114,1026,false
3878c722-a9ec-4755-86ff-e1f4c460e8d9,10179,garden,88,616,false
33ed0d3a-9186-452c-bd07-7a1759efc467,10117,garden,123,861,false
00f41f82-e655-4c65-a026-b1ed77601114,10318,studio,65,390,false
c406716c-3c3d-481d-851d-795473e45e9c,10318,railroad,78,780,false
1020cf76-711e-4a17-b052-57828b464f42,10319,garden,37,222,false
ac2b1e8f-3dc4-4ad0-97b8-defa85e69953,10117,loft,40,320,false
71b0ca5a-8cef-4830-9b3f-e44216296ede,10115,railroad,86,516,false
b25b01af-ae20-4593-b4c3-35ddbf26e26d,10179,studio,53,477,false
c077ed47-b2b0-45cf-9555-5da755a839d8,10178,penthouse,38,456,false
8b14dc6a-c7b2-49c2-b0bc-ba848bdc93f5,10178,loft,50,650,false
5618ccab-d178-41b4-82f6-c9525af02536,10367,garden,84,1008,false
8b5010c8-56b6-4486-8558-c9f1b701ac42,10365,garden,139,973,false
9c96dbbc-323c-4d77-b0e8-e6f5da0a96a4,10117,penthouse,77,847,false
cf80d306-be26-4cdb-b2bd-1a56289db078,10119,penthouse,59,295,false
bedb598a-eb79-4eee-a958-1d7f40bf1606,10318,railroad,100,1400,false
178a43d6-8e4a-4e41-983f-994e36d90a7d,10315,loft,98,882,false
